0,Gloria_Macapagal_Arroyo
1,Jennifer_Capriati
2,Laura_Bush
3,Winona_Ryder
4,Tiger_Woods
5,Hugo_Chavez
6,John_Negroponte
7,George_W_Bush
8,Roh_Moo-hyun
9,Paul_Bremer
10,George_Robertson
11,Tom_Daschle
12,Ricardo_Lagos
13,Jennifer_Lopez
14,Jose_Maria_Aznar
15,Silvio_Berlusconi
16,Vicente_Fox
17,Jennifer_Aniston
18,Gerhard_Schroeder
19,David_Beckham
20,Kofi_Annan
21,Igor_Ivanov
22,Jiang_Zemin
23,Mahmoud_Abbas
24,Pete_Sampras
25,Guillermo_Coria
26,Donald_Rumsfeld
27,Megawati_Sukarnoputri
28,Jeremy_Greenstock
29,Junichiro_Koizumi
30,Jack_Straw
31,Rudolph_Giuliani
32,Jacques_Chirac
33,Saddam_Hussein
34,John_Ashcroft
35,Lindsay_Davenport
36,Naomi_Watts
37,Lleyton_Hewitt
38,Hamid_Karzai
39,Tom_Ridge
40,Recep_Tayyip_Erdogan
41,Tony_Blair
42,Hans_Blix
43,Jean_Chretien
44,Nestor_Kirchner
45,Gray_Davis
46,Michael_Bloomberg
47,Luiz_Inacio_Lula_da_Silva
48,Juan_Carlos_Ferrero
49,Vladimir_Putin
50,Serena_Williams
51,Alejandro_Toledo
52,Alvaro_Uribe
53,Amelie_Mauresmo
54,Andre_Agassi
55,Angelina_Jolie
56,Ariel_Sharon
57,Arnold_Schwarzenegger
58,Atal_Bihari_Vajpayee
59,Bill_Clinton
60,Carlos_Menem
61,Colin_Powell
